product_name,link,product_img
Authentic asMODus Minikin 3 200W Touch Screen Box Mod - Black,https://www.cigabuy.com/authentic-asmodus-minikin-3-200w-touch-screen-box-mod-black-p-15872.html,https://s3.amazonaws.com/cbimg.aa-img.com/small_images/33/87/573793_132067930891587943_3.jpg
Authentic Vandyvape Pulse AIO Kit - Frosted White,https://www.cigabuy.com/authentic-vandyvape-pulse-aio-kit-frosted-white-p-22321.html,https://s3.amazonaws.com/cbimg.aa-img.com/small_images/76/31/587631_132823049254961716_3.jpg
Authentic Uwell Caliburn A2 Pod Kit - Grey,https://www.cigabuy.com/authentic-uwell-caliburn-a2-pod-kit-grey-p-21868.html,https://s3.amazonaws.com/cbimg.aa-img.com/small_images/71/46/587146_132731380585247259_3.jpg
Authentic Geekvape L200 Aegis Legend 2 Kit - Red,https://www.cigabuy.com/authentic-geekvape-l200-aegis-legend-2-kit-red-p-21209.html,https://s3.amazonaws.com/cbimg.aa-img.com/small_images/65/36/586536_132658820595040920_3.jpg
Authentic Geekvape L200 Aegis Legend 2 Kit - Rainbow,https://www.cigabuy.com/authentic-geekvape-l200-aegis-legend-2-kit-rainbow-p-21208.html,https://s3.amazonaws.com/cbimg.aa-img.com/small_images/65/35/586535_132658820051552425_3.jpg
Authentic Vandyvape NOX Pod Kit - Carbon Black,https://www.cigabuy.com/authentic-vandyvape-nox-pod-kit-carbon-black-p-21841.html,https://s3.amazonaws.com/cbimg.aa-img.com/small_images/71/22/587122_132727064296142600_3.jpg
Authentic Geekvape L200 Aegis Legend 2 Kit - Black,https://www.cigabuy.com/authentic-geekvape-l200-aegis-legend-2-kit-black-p-21203.html,https://s3.amazonaws.com/cbimg.aa-img.com/small_images/65/30/586530_132658817449425255_3.jpg
Authentic Vandyvape NOX Pod Kit - Twilight Blue Red,https://www.cigabuy.com/authentic-vandyvape-nox-pod-kit-twilight-blue-red-p-21844.html,https://s3.amazonaws.com/cbimg.aa-img.com/small_images/71/25/587125_132727066063937065_3.jpg
Authentic Geekvape S100 Aegis Solo 2 Kit with Z Sub-ohm 2021 Tank - Red,https://www.cigabuy.com/authentic-geekvape-s100-aegis-solo-2-kit-with-z-sub-ohm-2021-tank-red-p-21878.html,https://s3.amazonaws.com/cbimg.aa-img.com/small_images/71/59/587159_132732329660186000_3.jpg
Authentic Steam Crave Hadron Plus DNA250C Mod - Silver,https://www.cigabuy.com/authentic-steam-crave-hadron-plus-dna250c-mod-silver-p-22037.html,https://s3.amazonaws.com/cbimg.aa-img.com/small_images/73/45/587345_132763221518775327_3.jpg
Authentic Geekvape M100 Aegis Mini 2 Mod - Navy Blue,https://www.cigabuy.com/authentic-geekvape-m100-aegis-mini-2-mod-navy-blue-p-21893.html,https://s3.amazonaws.com/cbimg.aa-img.com/small_images/71/74/587174_132733218748590572_3.jpg
Authentic Geekvape M100 Aegis Mini 2 Mod - Classic Black,https://www.cigabuy.com/authentic-geekvape-m100-aegis-mini-2-mod-classic-black-p-21891.html,https://s3.amazonaws.com/cbimg.aa-img.com/small_images/71/72/587172_132733218232994756_3.jpg
Authentic Wotofo MDURA PRO Kit - Retro Red,https://www.cigabuy.com/authentic-wotofo-mdura-pro-kit-retro-red-p-21103.html,https://s3.amazonaws.com/cbimg.aa-img.com/small_images/64/42/586442_132642270338564874_3.jpg
Authentic Wotofo MDura Mod - King Kong Orange,https://www.cigabuy.com/authentic-wotofo-mdura-mod-king-kong-orange-p-21613.html,https://s3.amazonaws.com/cbimg.aa-img.com/small_images/69/32/586932_132700160385827894_3.jpg
Authentic Vandyvape PR SE Kit - Meteorite Grey,https://www.cigabuy.com/authentic-vandyvape-se-kit-meteorite-grey-p-21780.html,https://s3.amazonaws.com/cbimg.aa-img.com/small_images/70/56/587056_132718500659185399_3.jpg
Authentic Dovpo Riva DNA250C Box Mod - Silver Plain Cognac,https://www.cigabuy.com/authentic-dovpo-riva-dna250c-box-mod-silver-plain-cognac-p-21051.html,https://s3.amazonaws.com/cbimg.aa-img.com/small_images/59/51/585951_132693250102352637.jpg
Authentic IJOY LUNA 2 Pod Kit - Aurora Green,https://www.cigabuy.com/authentic-ijoy-luna-2-pod-kit-aurora-green-p-22168.html,https://s3.amazonaws.com/cbimg.aa-img.com/small_images/74/66/587466_132788480340469181_3.jpg
Authentic IJOY LUNA 2 Pod Kit - Pacific Blue,https://www.cigabuy.com/authentic-ijoy-luna-2-pod-kit-pacific-blue-p-22171.html,https://s3.amazonaws.com/cbimg.aa-img.com/small_images/74/69/587469_132788485482627423_3.jpg
Authentic Geekvape S100 Aegis Solo 2 Mod - Grey,https://www.cigabuy.com/authentic-geekvape-s100-aegis-solo-2-mod-grey-p-21880.html,https://s3.amazonaws.com/cbimg.aa-img.com/small_images/71/61/587161_132732330173075629_3.jpg
Authentic IJOY LUNA 2 Pod Kit - Jet Black,https://www.cigabuy.com/authentic-ijoy-luna-2-pod-kit-jet-black-p-22170.html,https://s3.amazonaws.com/cbimg.aa-img.com/small_images/74/68/587468_132788485264990143_3.jpg
Authentic Geekvape M100 Aegis Mini 2 Mod - Grey,https://www.cigabuy.com/authentic-geekvape-m100-aegis-mini-2-mod-grey-p-21892.html,https://s3.amazonaws.com/cbimg.aa-img.com/small_images/71/73/587173_132733218492381660_3.jpg
Authentic IJOY LUNA 2 Pod Kit - Hot Red,https://www.cigabuy.com/authentic-ijoy-luna-2-pod-kit-hot-red-p-22169.html,https://s3.amazonaws.com/cbimg.aa-img.com/small_images/74/67/587467_132788480608555204_3.jpg
Authentic Uwell Aeglos P1 Kit - Olive Green,https://www.cigabuy.com/authentic-uwell-aeglos-p1-kit-olive-green-p-21528.html,https://s3.amazonaws.com/cbimg.aa-img.com/small_images/68/73/586873_132689927545404330_3.jpg
Authentic Steam Crave Hadron Plus DNA250C 200W Advanced Kit - Silver,https://www.cigabuy.com/authentic-steam-crave-hadron-plus-dna250c-200w-advanced-kit-silver-p-22042.html,https://s3.amazonaws.com/cbimg.aa-img.com/small_images/73/50/587350_132763222684731159_3.jpg
Authentic Vandyvape PR SE Kit - Diamond Black,https://www.cigabuy.com/authentic-vandyvape-se-kit-diamond-black-p-21779.html,https://s3.amazonaws.com/cbimg.aa-img.com/small_images/70/55/587055_132718500351288623_3.jpg
Authentic Geekvape Z50 Kit - Black,https://www.cigabuy.com/authentic-geekvape-z50-kit-black-p-21333.html,https://s3.amazonaws.com/cbimg.aa-img.com/small_images/66/99/586699_132672689475604603_3.jpg
Authentic Steam Crave Mini Robot Combo Mod - Black,https://www.cigabuy.com/authentic-steam-crave-mini-robot-combo-mod-black-p-21902.html,https://s3.amazonaws.com/cbimg.aa-img.com/small_images/72/54/587254_132738151635906371_3.jpg
Authentic Geekvape Z50 Kit - Rainbow,https://www.cigabuy.com/authentic-geekvape-z50-kit-rainbow-p-21335.html,https://s3.amazonaws.com/cbimg.aa-img.com/small_images/67/01/586701_132672690040964373_3.jpg
Authentic Vandyvape NOX Pod Kit - Aurora Green Black,https://www.cigabuy.com/authentic-vandyvape-nox-pod-kit-aurora-green-black-p-21842.html,https://s3.amazonaws.com/cbimg.aa-img.com/small_images/71/23/587123_132727064587453826_3.jpg
Authentic Vandyvape NOX Pod Kit - Magma Red Black,https://www.cigabuy.com/authentic-vandyvape-nox-pod-kit-magma-red-black-p-21843.html,https://s3.amazonaws.com/cbimg.aa-img.com/small_images/71/24/587124_132727065554541760_3.jpg
Authentic Uwell Aeglos H2 Pod Kit - Emerald Green,https://www.cigabuy.com/authentic-uwell-aeglos-h2-pod-kit-emerald-green-p-21826.html,https://s3.amazonaws.com/cbimg.aa-img.com/small_images/71/05/587105_132723474660620059_3.jpg
Authentic Uwell Aeglos H2 Pod Kit - Dove Blue,https://www.cigabuy.com/authentic-uwell-aeglos-h2-pod-kit-dove-blue-p-21824.html,https://s3.amazonaws.com/cbimg.aa-img.com/small_images/71/03/587103_132723474147855870_3.jpg
Authentic Wotofo MDURA PRO Kit - King Kong Red,https://www.cigabuy.com/authentic-wotofo-mdura-pro-kit-king-kong-red-p-21102.html,https://s3.amazonaws.com/cbimg.aa-img.com/small_images/64/41/586441_132642269997145120_3.jpg
Authentic Vandyvape JACKAROO Mini Kit - G10 Obsidian Black,https://www.cigabuy.com/authentic-vandyvape-jackaroo-mini-kit-g10-obsidian-black-p-21775.html,https://s3.amazonaws.com/cbimg.aa-img.com/small_images/70/51/587051_132715078630800974_3.jpg
Authentic Uwell Aeglos H2 Pod Kit - Classic Black,https://www.cigabuy.com/authentic-uwell-aeglos-h2-pod-kit-classic-black-p-21823.html,https://s3.amazonaws.com/cbimg.aa-img.com/small_images/71/02/587102_132723473829478403_3.jpg
Authentic Geekvape M100 Aegis Mini 2 Kit with Z Nano 2 Tank - Navy Blue,https://www.cigabuy.com/authentic-geekvape-m100-aegis-mini-2-kit-with-z-nano-2-tank-navy-blue-p-21887.html,https://s3.amazonaws.com/cbimg.aa-img.com/small_images/71/68/587168_132733217075593798_3.jpg
Authentic Geekvape M100 Aegis Mini 2 Kit with Z Nano 2 Tank - Grey,https://www.cigabuy.com/authentic-geekvape-m100-aegis-mini-2-kit-with-z-nano-2-tank-grey-p-21886.html,https://s3.amazonaws.com/cbimg.aa-img.com/small_images/71/67/587167_132733216714441394_3.jpg
Authentic Geekvape M100 Aegis Mini 2 Kit with Z Nano 2 Tank - Red,https://www.cigabuy.com/authentic-geekvape-m100-aegis-mini-2-kit-with-z-nano-2-tank-red-p-21890.html,https://s3.amazonaws.com/cbimg.aa-img.com/small_images/71/71/587171_132733217910656647_3.jpg
Authentic Geekvape M100 Aegis Mini 2 Kit with Z Nano 2 Tank - Silver,https://www.cigabuy.com/authentic-geekvape-m100-aegis-mini-2-kit-with-z-nano-2-tank-silver-p-21888.html,https://s3.amazonaws.com/cbimg.aa-img.com/small_images/71/69/587169_132733217402574532_3.jpg
Authentic Geekvape M100 Aegis Mini 2 Kit with Z Nano 2 Tank - Rainbow,https://www.cigabuy.com/authentic-geekvape-m100-aegis-mini-2-kit-with-z-nano-2-tank-rainbow-p-21889.html,https://s3.amazonaws.com/cbimg.aa-img.com/small_images/71/70/587170_132733217675126164_3.jpg
Authentic Wotofo MDura Mini Kit - Halftone Orange,https://www.cigabuy.com/authentic-wotofo-mdura-mini-kit-halftone-orange-p-21626.html,https://s3.amazonaws.com/cbimg.aa-img.com/small_images/69/52/586952_132701224260123138_3.jpg
Authentic Vandyvape JACKAROO Mini Kit - Resin Blue Porcelain,https://www.cigabuy.com/authentic-vandyvape-jackaroo-mini-kit-resin-blue-porcelain-p-21777.html,https://s3.amazonaws.com/cbimg.aa-img.com/small_images/70/53/587053_132715079080913352_3.jpg
Authentic Uwell Aeglos H2 Pod Kit - Ruby Red,https://www.cigabuy.com/authentic-uwell-aeglos-h2-pod-kit-ruby-red-p-21827.html,https://s3.amazonaws.com/cbimg.aa-img.com/small_images/71/06/587106_132723474947192640_3.jpg
Authentic Vandyvape JACKAROO Mini Kit - Resin Red Agate,https://www.cigabuy.com/authentic-vandyvape-jackaroo-mini-kit-resin-red-agate-p-21778.html,https://s3.amazonaws.com/cbimg.aa-img.com/small_images/70/54/587054_132715079328073444_3.jpg
Authentic Geekvape G18 Starter Pen Kit - Wood,https://www.cigabuy.com/authentic-geekvape-g18-starter-pen-kit-wood-p-21771.html,https://s3.amazonaws.com/cbimg.aa-img.com/small_images/70/75/587075_132714990758622524_3.jpg
Authentic Uwell Whirl T1 Pod Mod Kit - Camouflage,https://www.cigabuy.com/authentic-uwell-whirl-t1-pod-mod-kit-camouflage-p-21567.html,https://s3.amazonaws.com/cbimg.aa-img.com/small_images/69/19/586919_132696902482686926_3.jpg
Authentic Geekvape G18 Starter Pen Kit - Black,https://www.cigabuy.com/authentic-geekvape-g18-starter-pen-kit-black-p-21769.html,https://s3.amazonaws.com/cbimg.aa-img.com/small_images/70/46/587046_132714989080809658_3.jpg
Authentic Vandyvape JACKAROO Mini Kit - Stripy Black,https://www.cigabuy.com/authentic-vandyvape-jackaroo-mini-kit-stripy-black-p-21776.html,https://s3.amazonaws.com/cbimg.aa-img.com/small_images/70/52/587052_132715078859178700_3.jpg
Authentic Wotofo MDura Mini Kit - Halftone Black,https://www.cigabuy.com/authentic-wotofo-mdura-mini-kit-halftone-black-p-21623.html,https://s3.amazonaws.com/cbimg.aa-img.com/small_images/69/49/586949_132701223271385187_3.jpg
Authentic Wotofo MDura Mini Kit - Halftone Blue,https://www.cigabuy.com/authentic-wotofo-mdura-mini-kit-halftone-blue-p-21624.html,https://s3.amazonaws.com/cbimg.aa-img.com/small_images/69/50/586950_132701223641208438_3.jpg
Authentic Wotofo MDura Mini Kit - Halftone Red,https://www.cigabuy.com/authentic-wotofo-mdura-mini-kit-halftone-red-p-21625.html,https://s3.amazonaws.com/cbimg.aa-img.com/small_images/69/51/586951_132701223946946718_3.jpg
Authentic Wotofo nexMINI Subtank - Black,https://www.cigabuy.com/authentic-wotofo-nexmini-subtank-black-p-21614.html,https://s3.amazonaws.com/cbimg.aa-img.com/small_images/69/33/586933_132700312689521341_3.jpg
Authentic Geekvape G18 Starter Pen Kit - Blue,https://www.cigabuy.com/authentic-geekvape-g18-starter-pen-kit-blue-p-21770.html,https://s3.amazonaws.com/cbimg.aa-img.com/small_images/70/47/587047_132714989297601445_3.jpg
Authentic Wotofo MDura Kit - King Kong Orange,https://www.cigabuy.com/authentic-wotofo-mdura-kit-king-kong-orange-p-21574.html,https://s3.amazonaws.com/cbimg.aa-img.com/small_images/69/28/586928_132697739625501098_3.jpg
Authentic Uwell Whirl T1 Pod Mod Kit - Grey,https://www.cigabuy.com/authentic-uwell-whirl-t1-pod-mod-kit-grey-p-21569.html,https://s3.amazonaws.com/cbimg.aa-img.com/small_images/69/21/586921_132696902922894247_3.jpg
Authentic Uwell Aeglos P1 Kit - Reddish Brown,https://www.cigabuy.com/authentic-uwell-aeglos-p1-kit-reddish-brown-p-21529.html,https://s3.amazonaws.com/cbimg.aa-img.com/small_images/68/74/586874_132689927813652666_3.jpg
,,
,,
,,
,,
,,
,,
,,
,,
,,
,,
,,
,,
,,
,,
,,
,,
,,
,,
,,
,,
,,
,,
,,
,,
,,
,,
,,
,,
,,
,,
,,
,,
,,
,,
,,
,,
,,
,,
,,
,,
,,
,,
,,
,,
,,
,,
,,
,,
,,
,,
,,
,,
,,
,,
,,
,,
,,
,,
,,
,,
,,
,,
,,
,,
,,
,,
,,
,,
,,
,,
,,
,,
,,
,,
,,
,,
,,
,,
,,
,,
,,
,,
,,
,,
,,
,,
,,
,,
,,
,,
,,
,,
,,
,,
,,
,,
,,
,,
,,
,,
,,
,,
,,
,,
,,
,,
,,
,,
,,
,,
,,
,,
